Date,Microcolony #,Treatment,Treatment_old,Consumption ID #,# of Bees,New Pollen,Old Pollen,Feeding time,Net Consumption,IGNORE_Julian_date,Start_date,Days_since_start,Diet,Week_number
6/29/17,1,K-U,K-U,1,5,426.4,390.7,11:30,35.7,6/29/17,6/26/17,3,WF,1
7/5/17,1,K-U,K-U,1,5,428.7,365.7,13:00,63,7/5/17,6/26/17,9,WF,2
7/11/17,1,K-U,K-U,1,5,415.5,314.5,13:00,101,7/11/17,6/26/17,15,WF,3
7/19/17,1,K-U,K-U,1,4,421.1,389.1,12:00,32,7/19/17,6/26/17,23,WF,4
7/24/17,1,K-U,K-U,1,4,453.1,427.1,12:00,26,7/24/17,6/26/17,28,WF,5
8/1/17,1,K-U,K-U,1,2,447.9,421.3,16:30,26.6,8/1/17,6/26/17,36,WF,6
8/7/17,1,K-U,K-U,1,1,438.6,418.7,15:00,19.9,8/7/17,6/26/17,42,WF,7
6/29/17,2,K-I,K-I,2,5,425.1,386.7,11:30,38.4,6/29/17,6/26/17,3,WF,1
7/5/17,2,K-I,K-I,2,5,389.9,316.7,13:00,73.2,7/5/17,6/26/17,9,WF,2
7/11/17,2,K-I,K-I,2,5,413.7,377,13:00,36.7,7/11/17,6/26/17,15,WF,3
7/19/17,2,K-I,K-I,2,3,401.2,371.7,12:00,29.5,7/19/17,6/26/17,23,WF,4
7/24/17,2,K-I,K-I,2,2,420.2,393.8,12:00,26.4,7/24/17,6/26/17,28,WF,5
8/1/17,2,K-I,K-I,2,2,429.2,403,16:30,26.2,8/1/17,6/26/17,36,WF,6
8/7/17,2,K-I,K-I,2,2,443.2,426.5,15:00,16.7,8/7/17,6/26/17,42,WF,7
6/29/17,3,50-U,50-U,3,5,417.9,361,11:30,56.9,6/29/17,6/26/17,3,SF,1
7/5/17,3,50-U,50-U,3,5,428.1,367.1,13:00,61,7/5/17,6/26/17,9,SF,2
7/11/17,3,50-U,50-U,3,5,414.1,362.4,13:00,51.7,7/11/17,6/26/17,15,SF,3
7/19/17,3,50-U,50-U,3,5,396.3,337.8,12:00,58.5,7/19/17,6/26/17,23,SF,4
7/24/17,3,50-U,50-U,3,5,432.8,380.2,12:00,52.6,7/24/17,6/26/17,28,SF,5
8/1/17,3,50-U,50-U,3,4,441.8,418.2,16:30,23.6,8/1/17,6/26/17,36,SF,6
6/29/17,4,50-I,50-I,4,5,411.1,372.2,11:30,38.9,6/29/17,6/26/17,3,SF,1
7/5/17,4,50-I,50-I,4,5,409.7,380.6,13:00,29.1,7/5/17,6/26/17,9,SF,2
7/11/17,4,50-I,50-I,4,5,395.1,374.5,13:00,20.6,7/11/17,6/26/17,15,SF,3
7/19/17,4,50-I,50-I,4,5,403.9,389.2,12:00,14.7,7/19/17,6/26/17,23,SF,4
7/24/17,4,50-I,50-I,4,5,421.9,396.5,12:00,25.4,7/24/17,6/26/17,28,SF,5
8/1/17,4,50-I,50-I,4,4,426.3,409.7,16:30,16.6,8/1/17,6/26/17,36,SF,6
8/7/17,4,50-I,50-I,4,2,452.3,434.8,15:00,17.5,8/7/17,6/26/17,42,SF,7
6/29/17,5,K-U,K-U,5,5,428.9,378,11:30,50.9,6/29/17,6/26/17,3,WF,1
7/5/17,5,K-U,K-U,5,5,402.6,354.5,13:00,48.1,7/5/17,6/26/17,9,WF,2
7/11/17,5,K-U,K-U,5,5,409.1,338.7,13:00,70.4,7/11/17,6/26/17,15,WF,3
7/19/17,5,K-U,K-U,5,5,400.8,352.5,12:00,48.3,7/19/17,6/26/17,23,WF,4
7/24/17,5,K-U,K-U,5,5,391.6,350.3,12:00,41.3,7/24/17,6/26/17,28,WF,5
8/1/17,5,K-U,K-U,5,4,409.5,372,16:30,37.5,8/1/17,6/26/17,36,WF,6
8/7/17,5,K-U,K-U,5,4,.,.,15:00,#VALUE!,8/7/17,6/26/17,42,WF,7
6/29/17,6,K-I,K-I,6,5,420.8,385.5,11:30,35.3,6/29/17,6/26/17,3,WF,1
7/5/17,6,K-I,K-I,6,5,451.3,408.1,13:00,43.2,7/5/17,6/26/17,9,WF,2
7/11/17,6,K-I,K-I,6,5,389.6,365.9,13:00,23.7,7/11/17,6/26/17,15,WF,3
7/19/17,6,K-I,K-I,6,4,412.3,397.8,12:00,14.5,7/19/17,6/26/17,23,WF,4
7/24/17,6,K-I,K-I,6,4,414.6,.,12:00,#VALUE!,7/24/17,6/26/17,28,WF,5
6/29/17,7,50-U,50-U,7,5,436.3,408,11:30,28.3,6/29/17,6/26/17,3,SF,1
7/5/17,7,50-U,50-U,7,5,429.8,383.5,13:00,46.3,7/5/17,6/26/17,9,SF,2
7/11/17,7,50-U,50-U,7,5,397.9,369,13:00,28.9,7/11/17,6/26/17,15,SF,3
7/19/17,7,50-U,50-U,7,5,424,410.9,12:00,13.1,7/19/17,6/26/17,23,SF,4
7/24/17,7,50-U,50-U,7,5,435.9,412,12:00,23.9,7/24/17,6/26/17,28,SF,5
6/29/17,8,50-I,50-I,8,4,457.9,448.2,11:30,9.7,6/29/17,6/26/17,3,SF,1
7/5/17,8,50-I,50-I,8,4,414.1,383.1,13:00,31,7/5/17,6/26/17,9,SF,2
7/11/17,8,50-I,50-I,8,4,425.4,406.4,13:00,19,7/11/17,6/26/17,15,SF,3
7/19/17,8,50-I,50-I,8,2,419.4,405,12:00,14.4,7/19/17,6/26/17,23,SF,4
7/24/17,8,50-I,50-I,8,2,457.4,.,12:00,#VALUE!,7/24/17,6/26/17,28,SF,5
6/29/17,9,K-U,K-U,9,5,431,401.9,11:30,29.1,6/29/17,6/26/17,3,WF,1
7/5/17,9,K-U,K-U,9,4,413,360.6,13:00,52.4,7/5/17,6/26/17,9,WF,2
7/11/17,9,K-U,K-U,9,5,374,339,13:00,35,7/11/17,6/26/17,15,WF,3
7/19/17,9,K-U,K-U,9,4,404.6,360.9,12:00,43.7,7/19/17,6/26/17,23,WF,4
7/24/17,9,K-U,K-U,9,4,469.7,434.2,12:00,35.5,7/24/17,6/26/17,28,WF,5
8/1/17,9,K-U,K-U,9,4,420.1,392.7,16:30,27.4,8/1/17,6/26/17,36,WF,6
8/7/17,9,K-U,K-U,9,4,409.2,385.5,15:00,23.7,8/7/17,6/26/17,42,WF,7
6/29/17,10,K-I,K-I,10,5,434.3,387.5,11:30,46.8,6/29/17,6/26/17,3,WF,1
7/5/17,10,K-I,K-I,10,5,396,333.8,13:00,62.2,7/5/17,6/26/17,9,WF,2
7/11/17,10,K-I,K-I,10,4,415.2,346.8,13:00,68.4,7/11/17,6/26/17,15,WF,3
7/19/17,10,K-I,K-I,10,4,404.4,332.8,12:00,71.6,7/19/17,6/26/17,23,WF,4
7/24/17,10,K-I,K-I,10,4,439.2,370.1,12:00,69.1,7/24/17,6/26/17,28,WF,5
8/1/17,10,K-I,K-I,10,4,419,395,16:30,24,8/1/17,6/26/17,36,WF,6
6/29/17,11,50-U,50-U,11,5,424,408.5,11:30,15.5,6/29/17,6/26/17,3,SF,1
7/5/17,11,50-U,50-U,11,5,379.6,331.4,13:00,48.2,7/5/17,6/26/17,9,SF,2
7/11/17,11,50-U,50-U,11,5,428.1,367.5,13:00,60.6,7/11/17,6/26/17,15,SF,3
7/19/17,11,50-U,50-U,11,5,392.6,350.7,12:00,41.9,7/19/17,6/26/17,23,SF,4
7/24/17,11,50-U,50-U,11,5,418.2,388.5,12:00,29.7,7/24/17,6/26/17,28,SF,5
8/1/17,11,50-U,50-U,11,4,424.8,402.3,16:30,22.5,8/1/17,6/26/17,36,SF,6
8/7/17,11,50-U,50-U,11,4,.,.,15:00,#VALUE!,8/7/17,6/26/17,42,SF,7
7/11/17,12,50-I,50-I,12,5,418.1,362.7,13:00,55.4,7/11/17,7/10/17,1,SF,1
7/19/17,12,50-I,50-I,12,5,418.5,356.1,12:00,62.4,7/19/17,7/10/17,9,SF,2
7/24/17,12,50-I,50-I,12,5,430.8,377.2,12:00,53.6,7/24/17,7/10/17,14,SF,3
8/1/17,12,50-I,50-I,12,5,444.3,373.2,16:30,71.1,8/1/17,7/10/17,22,SF,4
8/7/17,12,50-I,50-I,12,4,441.8,311.5,15:00,130.3,8/7/17,7/10/17,28,SF,5
8/15/17,12,50-I,50-I,12,4,375.3,327.7,15:00,47.6,8/15/17,7/10/17,36,SF,6
8/21/17,12,50-I,50-I,12,4,439.8,.,15:00,#VALUE!,8/21/17,7/10/17,42,SF,7
7/11/17,13,K-I,K-U,13,5,410.8,334.8,13:00,76,7/11/17,7/10/17,1,WF,1
7/19/17,13,K-I,K-U,13,5,395.5,317.4,12:00,78.1,7/19/17,7/10/17,9,WF,2
7/24/17,13,K-I,K-U,13,5,417.9,264.4,12:00,153.5,7/24/17,7/10/17,14,WF,3
8/1/17,13,K-I,K-U,13,5,402,297.2,16:30,104.8,8/1/17,7/10/17,22,WF,4
8/7/17,13,K-I,K-U,13,5,440.4,336.8,15:00,103.6,8/7/17,7/10/17,28,WF,5
8/15/17,13,K-I,K-U,13,5,395.7,313.9,15:00,81.8,8/15/17,7/10/17,36,WF,6
7/11/17,14,K-I,K-I,14,5,413.7,368.3,13:00,45.4,7/11/17,7/10/17,1,WF,1
7/19/17,14,K-I,K-I,14,4,429.5,406.1,12:00,23.4,7/19/17,7/10/17,9,WF,2
7/24/17,14,K-I,K-I,14,2,448.6,407.7,12:00,40.9,7/24/17,7/10/17,14,WF,3
8/1/17,14,K-I,K-I,14,2,417.2,378.4,16:30,38.8,8/1/17,7/10/17,22,WF,4
8/7/17,14,K-I,K-I,14,2,444,424.5,15:00,19.5,8/7/17,7/10/17,28,WF,5
8/15/17,14,K-I,K-I,14,2,385.2,361.4,15:00,23.8,8/15/17,7/10/17,36,WF,6
8/21/17,14,K-I,K-I,14,2,397.4,.,15:00,#VALUE!,8/21/17,7/10/17,42,WF,7
7/11/17,15,50-I,50-U,15,5,392.5,371.4,13:00,21.1,7/11/17,7/10/17,1,SF,1
7/19/17,15,50-I,50-U,15,5,390.5,360.7,12:00,29.8,7/19/17,7/10/17,9,SF,2
7/24/17,15,50-I,50-U,15,5,429.5,384.8,12:00,44.7,7/24/17,7/10/17,14,SF,3
8/1/17,15,50-I,50-U,15,4,443.8,400.7,16:30,43.1,8/1/17,7/10/17,22,SF,4
8/7/17,15,50-I,50-U,15,5,467.6,407.9,15:00,59.7,8/7/17,7/10/17,28,SF,5
8/15/17,15,50-I,50-U,15,5,372.7,310.1,15:00,62.6,8/15/17,7/10/17,36,SF,6
7/11/17,16,50-I,50-I,16,5,436.3,421.8,13:00,14.5,7/11/17,7/10/17,1,SF,1
7/19/17,16,50-I,50-I,16,5,409.4,395.9,12:00,13.5,7/19/17,7/10/17,9,SF,2
7/24/17,16,50-I,50-I,16,5,366.4,348.5,12:00,17.9,7/24/17,7/10/17,14,SF,3
8/1/17,16,50-I,50-I,16,4,387.1,372.5,16:30,14.6,8/1/17,7/10/17,22,SF,4
8/7/17,16,50-I,50-I,16,4,447.3,415.8,15:00,31.5,8/7/17,7/10/17,28,SF,5
8/15/17,16,50-I,50-I,16,4,447.2,422.5,15:00,24.7,8/15/17,7/10/17,36,SF,6
8/21/17,16,50-I,50-I,16,3,421.2,404.7,15:00,16.5,8/21/17,7/10/17,42,SF,7
7/11/17,17,K-U,K-U,17,5,395.7,296.5,13:00,99.2,7/11/17,7/10/17,1,WF,1
7/19/17,17,K-U,K-U,17,5,389.9,376.5,12:00,13.4,7/19/17,7/10/17,9,WF,2
7/24/17,17,K-U,K-U,17,5,411.7,392.3,12:00,19.4,7/24/17,7/10/17,14,WF,3
8/1/17,17,K-U,K-U,17,5,436.8,423,16:30,13.8,8/1/17,7/10/17,22,WF,4
8/7/17,17,K-U,K-U,17,5,428.4,395,15:00,33.4,8/7/17,7/10/17,28,WF,5
8/15/17,17,K-U,K-U,17,4,393.9,370.9,15:00,23,8/15/17,7/10/17,36,WF,6
8/21/17,17,K-U,K-U,17,4,411,391.5,15:00,19.5,8/21/17,7/10/17,42,WF,7
7/11/17,18,K-I,K-I,18,5,408.8,358.6,13:00,50.2,7/11/17,7/10/17,1,WF,1
7/19/17,18,K-I,K-I,18,5,402.8,381.2,12:00,21.6,7/19/17,7/10/17,9,WF,2
7/24/17,18,K-I,K-I,18,5,441.8,418.5,12:00,23.3,7/24/17,7/10/17,14,WF,3
7/11/17,19,50-U,50-U,19,5,423.3,356.7,13:00,66.6,7/11/17,7/10/17,1,SF,1
7/19/17,19,50-U,50-U,19,5,411.9,399.5,12:00,12.4,7/19/17,7/10/17,9,SF,2
7/24/17,19,50-U,50-U,19,5,422.5,400,12:00,22.5,7/24/17,7/10/17,14,SF,3
7/11/17,20,50-I,50-I,20,5,415.4,382.4,13:00,33,7/11/17,7/10/17,1,SF,1
7/19/17,20,50-I,50-I,20,5,425.6,412.2,12:00,13.4,7/19/17,7/10/17,9,SF,2
7/24/17,20,50-I,50-I,20,5,489.9,475.7,12:00,14.2,7/24/17,7/10/17,14,SF,3
8/1/17,20,50-I,50-I,20,4,419.9,390.7,16:30,29.2,8/1/17,7/10/17,22,SF,4
8/7/17,20,50-I,50-I,20,3,430.1,415.3,15:00,14.8,8/7/17,7/10/17,28,SF,5
8/15/17,20,50-I,50-I,20,2,377.8,362.9,15:00,14.9,8/15/17,7/10/17,36,SF,6
8/21/17,20,50-I,50-I,20,2,403.2,.,15:00,#VALUE!,8/21/17,7/10/17,42,SF,7
7/11/17,21,K-U,K-U,21,5,385.7,356.8,13:00,28.9,7/11/17,7/10/17,1,WF,1
7/19/17,21,K-U,K-U,21,5,414.2,349.9,12:00,64.3,7/19/17,7/10/17,9,WF,2
7/24/17,21,K-U,K-U,21,5,414.5,368.6,12:00,45.9,7/24/17,7/10/17,14,WF,3
8/1/17,21,K-U,K-U,21,5,415.8,344.7,16:30,71.1,8/1/17,7/10/17,22,WF,4
8/7/17,21,K-U,K-U,21,5,461.5,423.4,15:00,38.1,8/7/17,7/10/17,28,WF,5
8/15/17,21,K-U,K-U,21,5,420.4,384.7,15:00,35.7,8/15/17,7/10/17,36,WF,6
8/21/17,21,K-U,K-U,21,5,410.7,.,15:00,#VALUE!,8/21/17,7/10/17,42,WF,7
7/11/17,22,K-I,K-I,22,5,420.6,320.5,13:00,100.1,7/11/17,7/10/17,1,WF,1
7/19/17,22,K-I,K-I,22,5,392.4,303.9,12:00,88.5,7/19/17,7/10/17,9,WF,2
7/24/17,22,K-I,K-I,22,5,434.9,361.9,12:00,73,7/24/17,7/10/17,14,WF,3
8/1/17,22,K-I,K-I,22,5,419.6,290.7,16:30,128.9,8/1/17,7/10/17,22,WF,4
8/7/17,22,K-I,K-I,22,4,409.3,345.1,15:00,64.2,8/7/17,7/10/17,28,WF,5
8/15/17,22,K-I,K-I,22,4,422.8,374.5,15:00,48.3,8/15/17,7/10/17,36,WF,6
7/11/17,23,50-U,50-U,23,5,432.1,375.6,13:00,56.5,7/11/17,7/10/17,1,SF,1
7/19/17,23,50-U,50-U,23,5,393.2,322.2,12:00,71,7/19/17,7/10/17,9,SF,2
7/24/17,23,50-U,50-U,23,5,414.7,358.4,12:00,56.3,7/24/17,7/10/17,14,SF,3
8/1/17,23,50-U,50-U,23,5,451.8,399.1,16:30,52.7,8/1/17,7/10/17,22,SF,4
8/7/17,23,50-U,50-U,23,5,443.1,411.6,15:00,31.5,8/7/17,7/10/17,28,SF,5
8/15/17,23,50-U,50-U,23,4,411.2,384.3,15:00,26.9,8/15/17,7/10/17,36,SF,6
8/21/17,23,50-U,50-U,23,4,424.8,410.3,15:00,14.5,8/21/17,7/10/17,42,SF,7
7/11/17,24,50-I,50-I,24,5,445.7,431.9,13:00,13.8,7/11/17,7/10/17,1,SF,1
7/19/17,24,50-I,50-I,24,4,424.6,336.9,12:00,87.7,7/19/17,7/10/17,9,SF,2
7/24/17,24,50-I,50-I,24,4,461.6,425.6,12:00,36,7/24/17,7/10/17,14,SF,3
8/1/17,24,50-I,50-I,24,3,390.5,359.5,16:30,31,8/1/17,7/10/17,22,SF,4
8/7/17,24,50-I,50-I,24,2,414.2,376.8,15:00,37.4,8/7/17,7/10/17,28,SF,5
8/15/17,24,50-I,50-I,24,1,412.1,392.4,15:00,19.7,8/15/17,7/10/17,36,SF,6
8/21/17,24,50-I,50-I,24,1,424,.,15:00,#VALUE!,8/21/17,7/10/17,42,SF,7
7/11/17,25,K-U,K-U,25,4,391.5,338.4,13:00,53.1,7/11/17,7/10/17,1,WF,1
7/19/17,25,K-U,K-U,25,4,414.4,390.8,12:00,23.6,7/19/17,7/10/17,9,WF,2
7/24/17,25,K-U,K-U,25,4,421.1,391.2,12:00,29.9,7/24/17,7/10/17,14,WF,3
8/1/17,25,K-U,K-U,25,4,425.2,397.4,16:30,27.8,8/1/17,7/10/17,22,WF,4
8/7/17,25,K-U,K-U,25,4,409.9,388.9,15:00,21,8/7/17,7/10/17,28,WF,5
8/15/17,25,K-U,K-U,25,4,420.7,400.1,15:00,20.6,8/15/17,7/10/17,36,WF,6
8/21/17,25,K-U,K-U,25,4,430.3,.,15:00,#VALUE!,8/21/17,7/10/17,42,WF,7
7/24/17,26,K-I,K-I,26,5,429.3,374.2,12:00,55.1,7/24/17,7/19/17,5,WF,1
8/1/17,26,K-I,K-I,26,5,423.5,360.7,16:30,62.8,8/1/17,7/19/17,13,WF,2
8/7/17,26,K-I,K-I,26,5,414.2,357.2,15:00,57,8/7/17,7/19/17,19,WF,3
8/15/17,26,K-I,K-I,26,5,394.9,202.3,15:00,192.6,8/15/17,7/19/17,27,WF,4
8/21/17,26,K-I,K-I,26,5,418.7,336.7,15:00,82,8/21/17,7/19/17,33,WF,5
7/24/17,27,50-I,50-U,27,5,425.6,381.4,12:00,44.2,7/24/17,7/19/17,5,SF,1
8/1/17,27,50-I,50-U,27,5,394.4,336.3,16:30,58.1,8/1/17,7/19/17,13,SF,2
8/7/17,27,50-I,50-U,27,5,416.4,341,15:00,75.4,8/7/17,7/19/17,19,SF,3
8/15/17,27,50-I,50-U,27,5,409.8,308.4,15:00,101.4,8/15/17,7/19/17,27,SF,4
8/21/17,27,50-I,50-U,27,5,396.4,363.9,15:00,32.5,8/21/17,7/19/17,33,SF,5
7/24/17,28,50-I,50-I,28,5,455.9,351.1,12:00,104.8,7/24/17,7/19/17,5,SF,1
8/1/17,28,50-I,50-I,28,5,423.5,330.8,16:30,92.7,8/1/17,7/19/17,13,SF,2
8/7/17,28,50-I,50-I,28,5,422.3,237.9,15:00,184.4,8/7/17,7/19/17,19,SF,3
8/15/17,28,50-I,50-I,28,5,375.6,257.3,15:00,118.3,8/15/17,7/19/17,27,SF,4
8/21/17,28,50-I,50-I,28,5,420.6,340.4,15:00,80.2,8/21/17,7/19/17,33,SF,5
7/24/17,29,K-I,K-U,29,5,418.8,367,12:00,51.8,7/24/17,7/19/17,5,WF,1
8/1/17,29,K-I,K-U,29,5,419.2,334.7,16:30,84.5,8/1/17,7/19/17,13,WF,2
8/7/17,29,K-I,K-U,29,5,417.9,352.7,15:00,65.2,8/7/17,7/19/17,19,WF,3
8/15/17,29,K-I,K-U,29,5,397,326,15:00,71,8/15/17,7/19/17,27,WF,4
8/21/17,29,K-I,K-U,29,5,413.2,326.1,15:00,87.1,8/21/17,7/19/17,33,WF,5
7/24/17,30,K-I,K-I,30,5,445.4,362.7,12:00,82.7,7/24/17,7/19/17,5,WF,1
8/1/17,30,K-I,K-I,30,5,415.2,334.4,16:30,80.8,8/1/17,7/19/17,13,WF,2
8/7/17,30,K-I,K-I,30,5,449.4,236.4,15:00,213,8/7/17,7/19/17,19,WF,3
8/15/17,30,K-I,K-I,30,5,429.7,248.2,15:00,181.5,8/15/17,7/19/17,27,WF,4
8/21/17,30,K-I,K-I,30,5,413.6,372.8,15:00,40.8,8/21/17,7/19/17,33,WF,5
7/24/17,31,50-U,50-U,31,5,445.6,419.8,12:00,25.8,7/24/17,7/19/17,5,SF,1
8/1/17,31,50-U,50-U,31,5,429.1,350,16:30,79.1,8/1/17,7/19/17,13,SF,2
8/7/17,31,50-U,50-U,31,5,443.4,388.8,15:00,54.6,8/7/17,7/19/17,19,SF,3
8/15/17,31,50-U,50-U,31,5,384.7,353,15:00,31.7,8/15/17,7/19/17,27,SF,4
8/21/17,31,50-U,50-U,31,5,415.6,395.3,15:00,20.3,8/21/17,7/19/17,33,SF,5
7/24/17,32,50-I,50-I,32,5,449.5,434.5,12:00,15,7/24/17,7/19/17,5,SF,1
8/1/17,32,50-I,50-I,32,5,400.6,369.8,16:30,30.8,8/1/17,7/19/17,13,SF,2
8/7/17,32,50-I,50-I,32,5,447.2,440.2,15:00,7,8/7/17,7/19/17,19,SF,3
8/15/17,32,50-I,50-I,32,5,429.3,377.3,15:00,52,8/15/17,7/19/17,27,SF,4
8/21/17,32,50-I,50-I,32,5,397.1,354.1,15:00,43,8/21/17,7/19/17,33,SF,5
7/24/17,33,K-U,K-U,33,5,426.8,384.4,12:00,42.4,7/24/17,7/19/17,5,WF,1
8/1/17,33,K-U,K-U,33,5,390.5,304.1,16:30,86.4,8/1/17,7/19/17,13,WF,2
8/7/17,33,K-U,K-U,33,5,430.5,345,15:00,85.5,8/7/17,7/19/17,19,WF,3
8/15/17,33,K-U,K-U,33,4,418.3,323.5,15:00,94.8,8/15/17,7/19/17,27,WF,4
8/21/17,33,K-U,K-U,33,4,398.2,348.4,15:00,49.8,8/21/17,7/19/17,33,WF,5
7/24/17,34,K-I,K-I,34,5,438.4,394.2,12:00,44.2,7/24/17,7/19/17,5,WF,1
8/1/17,34,K-I,K-I,34,5,415.3,382.8,16:30,32.5,8/1/17,7/19/17,13,WF,2
8/7/17,34,K-I,K-I,34,4,429.7,394.5,15:00,35.2,8/7/17,7/19/17,19,WF,3
8/15/17,34,K-I,K-I,34,4,419.1,343.1,15:00,76,8/15/17,7/19/17,27,WF,4
8/21/17,34,K-I,K-I,34,4,415.8,348.9,15:00,66.9,8/21/17,7/19/17,33,WF,5
7/24/17,35,50-U,50-U,35,5,457,403,12:00,54,7/24/17,7/19/17,5,SF,1
8/1/17,35,50-U,50-U,35,5,416.8,366.9,16:30,49.9,8/1/17,7/19/17,13,SF,2
8/7/17,35,50-U,50-U,35,5,426.9,351.6,15:00,75.3,8/7/17,7/19/17,19,SF,3
8/15/17,35,50-U,50-U,35,5,404.8,327.1,15:00,77.7,8/15/17,7/19/17,27,SF,4
8/21/17,35,50-U,50-U,35,5,415.2,357.8,15:00,57.4,8/21/17,7/19/17,33,SF,5
7/24/17,36,50-I,50-I,36,5,455.6,360.3,12:00,95.3,7/24/17,7/19/17,5,SF,1
8/1/17,36,50-I,50-I,36,4,408.4,377.6,16:30,30.8,8/1/17,7/19/17,13,SF,2
8/7/17,36,50-I,50-I,36,4,441.5,409.4,15:00,32.1,8/7/17,7/19/17,19,SF,3
8/15/17,36,50-I,50-I,36,3,390.8,356.6,15:00,34.2,8/15/17,7/19/17,27,SF,4
8/21/17,36,50-I,50-I,36,3,420.1,406.4,15:00,13.7,8/21/17,7/19/17,33,SF,5
7/24/17,37,K-U,K-U,37,5,448,367.2,12:00,80.8,7/24/17,7/19/17,5,WF,1
8/1/17,37,K-U,K-U,37,5,400.8,350.2,16:30,50.6,8/1/17,7/19/17,13,WF,2
8/7/17,37,K-U,K-U,37,5,441.1,361.7,15:00,79.4,8/7/17,7/19/17,19,WF,3
8/15/17,37,K-U,K-U,37,4,444.8,212.3,15:00,232.5,8/15/17,7/19/17,27,WF,4
8/21/17,37,K-U,K-U,37,4,435.8,352.5,15:00,83.3,8/21/17,7/19/17,33,WF,5
7/24/17,38,K-I,K-I,38,5,418.7,317.4,12:00,101.3,7/24/17,7/19/17,5,WF,1
8/1/17,38,K-I,K-I,38,5,404.2,298.7,16:30,105.5,8/1/17,7/19/17,13,WF,2
8/7/17,38,K-I,K-I,38,5,421.2,201.5,15:00,219.7,8/7/17,7/19/17,19,WF,3
8/15/17,38,K-I,K-I,38,4,409,358.8,15:00,50.2,8/15/17,7/19/17,27,WF,4
8/21/17,38,K-I,K-I,38,1,421.4,401.4,15:00,20,8/21/17,7/19/17,33,WF,5
7/24/17,39,50-U,50-U,39,5,423.7,347.8,12:00,75.9,7/24/17,7/19/17,5,SF,1
8/1/17,39,50-U,50-U,39,5,397.5,338.4,16:30,59.1,8/1/17,7/19/17,13,SF,2
8/7/17,39,50-U,50-U,39,5,422.4,336,15:00,86.4,8/7/17,7/19/17,19,SF,3
8/15/17,39,50-U,50-U,39,4,403.4,203.6,15:00,199.8,8/15/17,7/19/17,27,SF,4
8/21/17,39,50-U,50-U,39,4,427.5,231,15:00,196.5,8/21/17,7/19/17,33,SF,5
7/24/17,40,50-I,50-I,40,5,425.6,406.8,12:00,18.8,7/24/17,7/19/17,5,SF,1
8/1/17,40,50-I,50-I,40,5,403,337.3,16:30,65.7,8/1/17,7/19/17,13,SF,2
8/7/17,40,50-I,50-I,40,5,451.1,238.3,15:00,212.8,8/7/17,7/19/17,19,SF,3
8/15/17,40,50-I,50-I,40,5,440.7,383.9,15:00,56.8,8/15/17,7/19/17,27,SF,4
8/21/17,40,50-I,50-I,40,4,436.9,368,15:00,68.9,8/21/17,7/19/17,33,SF,5
8/7/17,41,K-I,K-I,41,5,408.9,361.2,15:00,47.7,8/7/17,8/1/17,6,WF,1
8/15/17,41,K-I,K-I,41,5,412.1,345.3,15:00,66.8,8/15/17,8/1/17,14,WF,2
8/21/17,41,K-I,K-I,41,5,407,382.9,15:00,24.1,8/21/17,8/1/17,20,WF,3
8/7/17,42,50-U,50-U,42,5,435.6,381.1,15:00,54.5,8/7/17,8/1/17,6,SF,1
8/15/17,42,50-U,50-U,42,5,421.9,379.2,15:00,42.7,8/15/17,8/1/17,14,SF,2
8/21/17,42,50-U,50-U,42,5,398.6,377.1,15:00,21.5,8/21/17,8/1/17,20,SF,3
8/7/17,43,50-I,50-I,43,5,426.6,340.7,15:00,85.9,8/7/17,8/1/17,6,SF,1
8/15/17,43,50-I,50-I,43,5,413.1,333.6,15:00,79.5,8/15/17,8/1/17,14,SF,2
8/21/17,43,50-I,50-I,43,3,425.8,394,15:00,31.8,8/21/17,8/1/17,20,SF,3
8/7/17,44,K-I,K-I,44,5,422.9,390.9,15:00,32,8/7/17,8/1/17,6,WF,1
8/15/17,44,K-I,K-I,44,5,441.1,409.4,15:00,31.7,8/15/17,8/1/17,14,WF,2
8/21/17,44,K-I,K-I,44,3,402.9,388.7,15:00,14.2,8/21/17,8/1/17,20,WF,3
8/7/17,45,50-U,50-U,45,5,458.8,431.6,15:00,27.2,8/7/17,8/1/17,6,SF,1
8/15/17,45,50-U,50-U,45,5,355.2,313,15:00,42.2,8/15/17,8/1/17,14,SF,2
8/21/17,45,50-U,50-U,45,5,444.4,431.1,15:00,13.3,8/21/17,8/1/17,20,SF,3
8/7/17,46,50-I,50-I,46,5,437,341.5,15:00,95.5,8/7/17,8/1/17,6,SF,1
8/15/17,46,50-I,50-I,46,5,426.2,345.2,15:00,81,8/15/17,8/1/17,14,SF,2
8/21/17,46,50-I,50-I,46,5,411.3,385.3,15:00,26,8/21/17,8/1/17,20,SF,3
8/21/17,47,K-U,K-U,47,5,411,393.3,15:00,17.7,8/21/17,,,WF,
8/21/17,48,K-I,K-I,48,5,444.4,417.4,15:00,27,8/21/17,,,WF,
8/21/17,49,50-U,50-U,49,5,413.7,385.5,15:00,28.2,8/21/17,,,SF,
8/21/17,50,50-I,50-I,50,5,395.9,376.3,15:00,19.6,8/21/17,,,SF,
8/21/17,51,K-U,K-U,51,5,431.8,415.9,15:00,15.9,8/21/17,,,WF,
8/21/17,52,K-I,K-I,52,5,434.8,386.2,15:00,48.6,8/21/17,,,WF,
8/21/17,53,50-U,50-U,53,5,425.1,390.3,15:00,34.8,8/21/17,,,SF,
8/21/17,54,50-I,50-I,54,5,439.5,427.5,15:00,12,8/21/17,,,SF,
8/21/17,55,K-U,K-U,55,5,372.8,315.5,15:00,57.3,8/21/17,,,WF,
8/21/17,56,K-I,K-I,56,5,420.8,397.6,15:00,23.2,8/21/17,,,WF,
8/21/17,57,50-U,50-U,57,5,440.6,415.7,15:00,24.9,8/21/17,,,SF,
8/21/17,58,50-I,50-I,58,5,439,388.1,15:00,50.9,8/21/17,,,SF,
8/21/17,59,K-U,K-U,59,5,436.4,387.5,15:00,48.9,8/21/17,,,WF,
8/21/17,60,K-I,K-I,60,5,394.7,365,15:00,29.7,8/21/17,,,WF,
8/21/17,61,50-U,50-U,61,5,422.2,333.2,15:00,89,8/21/17,,,SF,
8/21/17,62,50-I,50-I,62,5,439.8,414.5,15:00,25.3,8/21/17,,,SF,